"antennaType","frequency","frequencyLower","frequencyUpper","EDT","MSIfilename","technology"
"0-default-omni",947,880,960,0,"0-default-omni-741790_947_X_CO","GSM 900"
"0-default-omni",1862.5,1710,1880,0,"0-default-omni-738454_1862_X_CO","GSM 1800"
"0-default-omni",2140,1920,2170,0,"0-default-omni-741790_2140_X_CO","UMTS 2100"
"0-default-omni",810,791,862,0,"0-default-omni-741790_810_X_CO","LTE 800"
"0-default-omni",1855,1710,1880,0,"0-default-omni-741790_1855_X_CO","LTE 1800"
80010122,947,806,960,0,"80010122_0947_x_co_m45_00t","GSM 900"
80010122,947,806,960,1,"80010122_0947_x_co_m45_01t","GSM 900"
80010122,947,806,960,2,"80010122_0947_x_co_m45_02t","GSM 900"
80010122,947,806,960,3,"80010122_0947_x_co_m45_03t","GSM 900"
80010122,947,806,960,4,"80010122_0947_x_co_m45_04t","GSM 900"
80010122,947,806,960,5,"80010122_0947_x_co_m45_05t","GSM 900"
80010122,947,806,960,6,"80010122_0947_x_co_m45_06t","GSM 900"
80010122,947,806,960,7,"80010122_0947_x_co_m45_07t","GSM 900"
80010122,947,806,960,8,"80010122_0947_x_co_m45_08t","GSM 900"
80010122,947,806,960,9,"80010122_0947_x_co_m45_09t","GSM 900"
80010122,947,806,960,10,"80010122_0947_x_co_m45_10t","GSM 900"
80010122,1855,1710,2180,0,"80010122_1855_x_co_m45_00t","GSM 1800"
80010122,1855,1710,2180,1,"80010122_1855_x_co_m45_01t","GSM 1800"
80010122,1855,1710,2180,2,"80010122_1855_x_co_m45_02t","GSM 1800"
80010122,1855,1710,2180,3,"80010122_1855_x_co_m45_03t","GSM 1800"
80010122,1855,1710,2180,4,"80010122_1855_x_co_m45_04t","GSM 1800"
80010122,1855,1710,2180,5,"80010122_1855_x_co_m45_05t","GSM 1800"
80010122,1855,1710,2180,6,"80010122_1855_x_co_m45_06t","GSM 1800"
80010122,2140,1710,2180,0,"80010122_2140_x_co_m45_00t","UMTS 2100"
80010122,2140,1710,2180,1,"80010122_2140_x_co_m45_01t","UMTS 2100"
80010122,2140,1710,2180,2,"80010122_2140_x_co_m45_02t","UMTS 2100"
80010122,2140,1710,2180,3,"80010122_2140_x_co_m45_03t","UMTS 2100"
80010122,2140,1710,2180,4,"80010122_2140_x_co_m45_04t","UMTS 2100"
80010122,2140,1710,2180,5,"80010122_2140_x_co_m45_05t","UMTS 2100"
80010122,2140,1710,2180,6,"80010122_2140_x_co_m45_06t","UMTS 2100"
80010122,1855,1710,2180,0,"80010122_1855_x_co_m45_00t","LTE 1800"
80010122,1855,1710,2180,1,"80010122_1855_x_co_m45_01t","LTE 1800"
80010122,1855,1710,2180,2,"80010122_1855_x_co_m45_02t","LTE 1800"
80010122,1855,1710,2180,3,"80010122_1855_x_co_m45_03t","LTE 1800"
80010122,1855,1710,2180,4,"80010122_1855_x_co_m45_04t","LTE 1800"
80010122,1855,1710,2180,5,"80010122_1855_x_co_m45_05t","LTE 1800"
80010122,1855,1710,2180,6,"80010122_1855_x_co_m45_06t","LTE 1800"
"K729931",947.5,860,960,0,"729931_0947_X_CO_C-0-180","GSM 900"
"K730376",947.5,870,960,0,"730376_0948_X_CO","GSM 900"
"K736347",947.5,870,960,0,"736347_0948_X_CO","GSM 900"
"K736349",947.5,870,960,5,"736349_0948_X_CO","GSM 900"
"K728684",947.5,870,960,0,"728684_0948_X_CO","GSM 900"
"K728685",947.5,870,960,0,"728685_0948_X_CO","GSM 900"
"K730362",947.5,870,960,0,"730362_0948_X_CO","GSM 900"
"K730368",947.5,870,960,0,"730368_0948_X_CO","GSM 900"
"K730691",947.5,806,960,0,"730691_0948_X_CO","GSM 900"
"K735727",947.5,870,960,0,"735727_0948_X_CO","GSM 900"
"K738445",947.5,806,960,0,"738445_0948_X_CO","GSM 900"
"K738445",1862.5,1710,2170,0,"738445_1862_X_CO","GSM 1800"
"K738445",2170,1710,2170,0,"738445_2170_X_CO","UMTS 2100"
"K738445",2170,1710,2170,0,"738445_1862_X_CO","LTE 1800"
"K738446",947.5,806,960,0,"738446_0947_X_CO","GSM 900"
"K738446",1862.5,1710,2170,0,"738446_1862_X_CO","GSM 1800"
"K738446",2170,1710,2170,0,"738446_2170_X_CO","UMTS 2100"
"K738446",2170,1710,2170,0,"738446_1862_X_CO","LTE 1800"
"K738454",1862.5,1710,2170,0,"738454_1862_X_CO","GSM 1800"
"K738454",2140,1710,2170,0,"738454_2140_X_CO","UMTS 2100"
"K738454",2140,1710,2170,0,"738454_1862_X_CO","LTE 1800"
"K739489",1855,1710,2170,0,"739489_1855_X_CO_M45","GSM 1800"
"K739489",2140,1710,2170,0,"739489_2140_X_CO_M45","UMTS 2100"
"K739489",2140,1710,2170,0,"739489_1855_X_CO_M45","LTE 1800"
"K739494",1862.5,1710,1880,0,"739494_1863_X_CO_M45","GSM 1800"
"K739494",1862.5,1710,1880,0,"739494_1863_X_CO_M45","LTE 1800"
"K739620",947.5,806,960,0,"739620_0948_X_CO_P45","GSM 900"
"K739622",947.5,806,960,0,"739622_0948_X_CO_P45","GSM 900"
"K739624",947.5,806,960,0,"739624_0948_X_CO_P45","GSM 900"
"K739650",947.5,806,960,0,"739650_0948_X_CO_P45","GSM 900"
"K741316",947.5,870,960,0,"741316_0948_X_CO_P45","GSM 900"
"K741316",1862.5,1710,1880,0,"741316_1862_X_CO_P45","GSM 1800"
"K741316",1862.5,1710,1880,0,"741316_1862_X_CO_P45","LTE 1800"
"K741322",947.5,870,960,0,"741322_0948_X_CO_P45","GSM 900"
"K741322",1862.5,1710,1880,0,"741322_1862_X_CO_P45","GSM 1800"
"K741322",1862.5,1710,1880,0,"741322_1862_X_CO_P45","LTE 1800"
"K741324",947.5,870,960,0,"741324_0948_X_CO_P45","GSM 900"
"K741324",1862.5,1710,1880,0,"741324_1862_X_CO_P45","GSM 1800"
"K741324",1862.5,1710,1880,0,"741324_1862_X_CO_P45","LTE 1800"
"K741328",947.5,870,960,0,"741328_0948_X_CO_P45","GSM 900"
"K741328",1862.5,1710,1880,0,"741328_1862_X_CO_P45","GSM 1800"
"K741328",1862.5,1710,1880,0,"741328_1862_X_CO_P45","LTE 1800"
"K741571",947.5,876,960,0,"741571_0948_X_CO","GSM 900"
"K741571",1862.5,1710,2170,0,"741571_1862_X_CO","GSM 1800"
"K741571",2170,1710,2170,0,"741571_2170_X_CO","UMTS 2100"
"K741571",2170,1710,2170,0,"741571_1862_X_CO","LTE 1800"
"K741790",1920,1920,2170,0,"741790_1920_X_CO","GSM 1800"
"K741790",2140,1920,2170,0,"741790_2140_X_CO","UMTS 2100"
"K741989",1855,1710,2170,0,"741989_1855_X_CO_M45_00T","GSM 1800"
"K741989",1855,1710,2170,1,"741989_1855_X_CO_M45_01T","GSM 1800"
"K741989",1855,1710,2170,2,"741989_1855_X_CO_M45_02T","GSM 1800"
"K741989",1855,1710,2170,3,"741989_1855_X_CO_M45_03T","GSM 1800"
"K741989",1855,1710,2170,4,"741989_1855_X_CO_M45_04T","GSM 1800"
"K741989",1855,1710,2170,5,"741989_1855_X_CO_M45_05T","GSM 1800"
"K741989",1855,1710,2170,6,"741989_1855_X_CO_M45_06T","GSM 1800"
"K741989",1855,1710,2170,7,"741989_1855_X_CO_M45_07T","GSM 1800"
"K741989",1855,1710,2170,8,"741989_1855_X_CO_M45_08T","GSM 1800"
"K741989",2140,1710,2170,0,"741989_2140_X_CO_M45_00T","UMTS 2100"
"K741989",2140,1710,2170,1,"741989_2140_X_CO_M45_01T","UMTS 2100"
"K741989",2140,1710,2170,2,"741989_2140_X_CO_M45_02T","UMTS 2100"
"K741989",2140,1710,2170,3,"741989_2140_X_CO_M45_03T","UMTS 2100"
"K741989",2140,1710,2170,4,"741989_2140_X_CO_M45_04T","UMTS 2100"
"K741989",2140,1710,2170,5,"741989_2140_X_CO_M45_05T","UMTS 2100"
"K741989",2140,1710,2170,6,"741989_2140_X_CO_M45_06T","UMTS 2100"
"K741989",2140,1710,2170,7,"741989_2140_X_CO_M45_07T","UMTS 2100"
"K741989",2140,1710,2170,8,"741989_2140_X_CO_M45_08T","UMTS 2100"
"K741989",1855,1710,2170,0,"741989_1855_X_CO_M45_00T","LTE 1800"
"K741989",1855,1710,2170,1,"741989_1855_X_CO_M45_01T","LTE 1800"
"K741989",1855,1710,2170,2,"741989_1855_X_CO_M45_02T","LTE 1800"
"K741989",1855,1710,2170,3,"741989_1855_X_CO_M45_03T","LTE 1800"
"K741989",1855,1710,2170,4,"741989_1855_X_CO_M45_04T","LTE 1800"
"K741989",1855,1710,2170,5,"741989_1855_X_CO_M45_05T","LTE 1800"
"K741989",1855,1710,2170,6,"741989_1855_X_CO_M45_06T","LTE 1800"
"K741989",1855,1710,2170,7,"741989_1855_X_CO_M45_07T","LTE 1800"
"K741989",1855,1710,2170,8,"741989_1855_X_CO_M45_08T","LTE 1800"
"K741990",1855,1710,2170,0,"741990_1855_X_CO_M45_00T","GSM 1800"
"K741990",1855,1710,2170,1,"741990_1855_X_CO_M45_01T","GSM 1800"
"K741990",1855,1710,2170,2,"741990_1855_X_CO_M45_02T","GSM 1800"
"K741990",1855,1710,2170,3,"741990_1855_X_CO_M45_03T","GSM 1800"
"K741990",1855,1710,2170,4,"741990_1855_X_CO_M45_04T","GSM 1800"
"K741990",1855,1710,2170,5,"741990_1855_X_CO_M45_05T","GSM 1800"
"K741990",1855,1710,2170,6,"741990_1855_X_CO_M45_06T","GSM 1800"
"K741990",2140,1710,2170,0,"741990_2140_X_CO_M45_00T","UMTS 2100"
"K741990",2140,1710,2170,1,"741990_2140_X_CO_M45_01T","UMTS 2100"
"K741990",2140,1710,2170,2,"741990_2140_X_CO_M45_02T","UMTS 2100"
"K741990",2140,1710,2170,3,"741990_2140_X_CO_M45_03T","UMTS 2100"
"K741990",2140,1710,2170,4,"741990_2140_X_CO_M45_04T","UMTS 2100"
"K741990",2140,1710,2170,5,"741990_2140_X_CO_M45_05T","UMTS 2100"
"K741990",2140,1710,2170,6,"741990_2140_X_CO_M45_06T","UMTS 2100"
"K741990",2140,1710,2170,0,"741990_1855_X_CO_M45_00T","LTE 1800"
"K741990",2140,1710,2170,1,"741990_1855_X_CO_M45_01T","LTE 1800"
"K741990",2140,1710,2170,2,"741990_1855_X_CO_M45_02T","LTE 1800"
"K741990",2140,1710,2170,3,"741990_1855_X_CO_M45_03T","LTE 1800"
"K741990",2140,1710,2170,4,"741990_1855_X_CO_M45_04T","LTE 1800"
"K741990",2140,1710,2170,5,"741990_1855_X_CO_M45_05T","LTE 1800"
"K741990",2140,1710,2170,6,"741990_1855_X_CO_M45_06T","LTE 1800"
"K742149",947.5,824,960,0,"742149_0948_X_CO","GSM 900"
"K742149",1850,1710,2170,0,"742149_1850_X_CO","GSM 1800"
"K742149",2140,1710,2170,0,"742149_2140_X_CO","UMTS 2100"
"K742149",2140,1710,2170,0,"742149_1850_X_CO","LTE 1800"
"K742192",960,806,2170,0,"742192_0960_X_CO","GSM 900"
"K742192",1855,806,2170,0,"742192_1855_X_CO","GSM 1800"
"K742192",2140,806,2170,0,"742192_2140_X_CO","UMTS 2100"
"K742192",1855,806,2170,0,"742192_1855_X_CO","LTE 1800"
"K742211",1855,1710,2170,0,"742211_1855_X_CO_M45_00T","GSM 1800"
"K742211",1855,1710,2170,1,"742211_1855_X_CO_M45_01T","GSM 1800"
"K742211",1855,1710,2170,2,"742211_1855_X_CO_M45_02T","GSM 1800"
"K742211",1855,1710,2170,3,"742211_1855_X_CO_M45_03T","GSM 1800"
"K742211",1855,1710,2170,4,"742211_1855_X_CO_M45_04T","GSM 1800"
"K742211",1855,1710,2170,5,"742211_1855_X_CO_M45_05T","GSM 1800"
"K742211",1855,1710,2170,6,"742211_1855_X_CO_M45_06T","GSM 1800"
"K742211",1855,1710,2170,7,"742211_1855_X_CO_M45_07T","GSM 1800"
"K742211",1855,1710,2170,8,"742211_1855_X_CO_M45_08T","GSM 1800"
"K742211",1855,1710,2170,9,"742211_1855_X_CO_M45_09T","GSM 1800"
"K742211",1855,1710,2170,10,"742211_1855_X_CO_M45_10T","GSM 1800"
"K742211",2140,1710,2170,0,"742211_2140_X_CO_M45_00T","UMTS 2100"
"K742211",2140,1710,2170,1,"742211_2140_X_CO_M45_01T","UMTS 2100"
"K742211",2140,1710,2170,2,"742211_2140_X_CO_M45_02T","UMTS 2100"
"K742211",2140,1710,2170,3,"742211_2140_X_CO_M45_03T","UMTS 2100"
"K742211",2140,1710,2170,4,"742211_2140_X_CO_M45_04T","UMTS 2100"
"K742211",2140,1710,2170,5,"742211_2140_X_CO_M45_05T","UMTS 2100"
"K742211",2140,1710,2170,6,"742211_2140_X_CO_M45_06T","UMTS 2100"
"K742211",2140,1710,2170,7,"742211_2140_X_CO_M45_07T","UMTS 2100"
"K742211",2140,1710,2170,8,"742211_2140_X_CO_M45_08T","UMTS 2100"
"K742211",2140,1710,2170,9,"742211_2140_X_CO_M45_09T","UMTS 2100"
"K742211",2140,1710,2170,10,"742211_2140_X_CO_M45_10T","UMTS 2100"
"K742211",2140,1710,2170,0,"742211_1855_X_CO_M45_00T","LTE 1800"
"K742211",2140,1710,2170,1,"742211_1855_X_CO_M45_01T","LTE 1800"
"K742211",2140,1710,2170,2,"742211_1855_X_CO_M45_02T","LTE 1800"
"K742211",2140,1710,2170,3,"742211_1855_X_CO_M45_03T","LTE 1800"
"K742211",2140,1710,2170,4,"742211_1855_X_CO_M45_04T","LTE 1800"
"K742211",2140,1710,2170,5,"742211_1855_X_CO_M45_05T","LTE 1800"
"K742211",2140,1710,2170,6,"742211_1855_X_CO_M45_06T","LTE 1800"
"K742211",2140,1710,2170,7,"742211_1855_X_CO_M45_07T","LTE 1800"
"K742211",2140,1710,2170,8,"742211_1855_X_CO_M45_08T","LTE 1800"
"K742211",2140,1710,2170,9,"742211_1855_X_CO_M45_09T","LTE 1800"
"K742211",2140,1710,2170,10,"742211_1855_X_CO_M45_10T","LTE 1800"
"K742212",1855,1710,2170,0,"742212_1855_X_CO_M45_00T","GSM 1800"
"K742212",1855,1710,2170,1,"742212_1855_X_CO_M45_01T","GSM 1800"
"K742212",1855,1710,2170,2,"742212_1855_X_CO_M45_02T","GSM 1800"
"K742212",1855,1710,2170,3,"742212_1855_X_CO_M45_03T","GSM 1800"
"K742212",1855,1710,2170,4,"742212_1855_X_CO_M45_04T","GSM 1800"
"K742212",1855,1710,2170,5,"742212_1855_X_CO_M45_05T","GSM 1800"
"K742212",1855,1710,2170,6,"742212_1855_X_CO_M45_06T","GSM 1800"
"K742212",1855,1710,2170,7,"742212_1855_X_CO_M45_07T","GSM 1800"
"K742212",1855,1710,2170,8,"742212_1855_X_CO_M45_08T","GSM 1800"
"K742212",2140,1710,2170,0,"742212_2140_X_CO_M45_00T","UMTS 2100"
"K742212",2140,1710,2170,1,"742212_2140_X_CO_M45_01T","UMTS 2100"
"K742212",2140,1710,2170,2,"742212_2140_X_CO_M45_02T","UMTS 2100"
"K742212",2140,1710,2170,3,"742212_2140_X_CO_M45_03T","UMTS 2100"
"K742212",2140,1710,2170,4,"742212_2140_X_CO_M45_04T","UMTS 2100"
"K742212",2140,1710,2170,5,"742212_2140_X_CO_M45_05T","UMTS 2100"
"K742212",2140,1710,2170,6,"742212_2140_X_CO_M45_06T","UMTS 2100"
"K742212",2140,1710,2170,7,"742212_2140_X_CO_M45_07T","UMTS 2100"
"K742212",2140,1710,2170,8,"742212_2140_X_CO_M45_08T","UMTS 2100"
"K742212",2140,1710,2170,0,"742212_1855_X_CO_M45_00T","LTE 1800"
"K742212",2140,1710,2170,1,"742212_1855_X_CO_M45_01T","LTE 1800"
"K742212",2140,1710,2170,2,"742212_1855_X_CO_M45_02T","LTE 1800"
"K742212",2140,1710,2170,3,"742212_1855_X_CO_M45_03T","LTE 1800"
"K742212",2140,1710,2170,4,"742212_1855_X_CO_M45_04T","LTE 1800"
"K742212",2140,1710,2170,5,"742212_1855_X_CO_M45_05T","LTE 1800"
"K742212",2140,1710,2170,6,"742212_1855_X_CO_M45_06T","LTE 1800"
"K742212",2140,1710,2170,7,"742212_1855_X_CO_M45_07T","LTE 1800"
"K742212",2140,1710,2170,8,"742212_1855_X_CO_M45_08T","LTE 1800"
"K742213",1855,1710,2170,0,"742213_1855_X_CO_M45_00T","GSM 1800"
"K742213",1855,1710,2170,1,"742213_1855_X_CO_M45_01T","GSM 1800"
"K742213",1855,1710,2170,2,"742213_1855_X_CO_M45_02T","GSM 1800"
"K742213",1855,1710,2170,3,"742213_1855_X_CO_M45_03T","GSM 1800"
"K742213",1855,1710,2170,4,"742213_1855_X_CO_M45_04T","GSM 1800"
"K742213",1855,1710,2170,5,"742213_1855_X_CO_M45_05T","GSM 1800"
"K742213",1855,1710,2170,6,"742213_1855_X_CO_M45_06T","GSM 1800"
"K742213",2140,1710,2170,0,"742213_2140_X_CO_M45_00T","UMTS 2100"
"K742213",2140,1710,2170,1,"742213_2140_X_CO_M45_01T","UMTS 2100"
"K742213",2140,1710,2170,2,"742213_2140_X_CO_M45_02T","UMTS 2100"
"K742213",2140,1710,2170,3,"742213_2140_X_CO_M45_03T","UMTS 2100"
"K742213",2140,1710,2170,4,"742213_2140_X_CO_M45_04T","UMTS 2100"
"K742213",2140,1710,2170,5,"742213_2140_X_CO_M45_05T","UMTS 2100"
"K742213",2140,1710,2170,6,"742213_2140_X_CO_M45_06T","UMTS 2100"
"K742213",2140,1710,2170,0,"742213_1855_X_CO_M45_00T","LTE 1800"
"K742213",2140,1710,2170,1,"742213_1855_X_CO_M45_01T","LTE 1800"
"K742213",2140,1710,2170,2,"742213_1855_X_CO_M45_02T","LTE 1800"
"K742213",2140,1710,2170,3,"742213_1855_X_CO_M45_03T","LTE 1800"
"K742213",2140,1710,2170,4,"742213_1855_X_CO_M45_04T","LTE 1800"
"K742213",2140,1710,2170,5,"742213_1855_X_CO_M45_05T","LTE 1800"
"K742213",2140,1710,2170,6,"742213_1855_X_CO_M45_06T","LTE 1800"
"K742218",1855,1710,2170,0,"742218_1855_X_CO_M45_00T","GSM 1800"
"K742218",1855,1710,2170,1,"742218_1855_X_CO_M45_01T","GSM 1800"
"K742218",1855,1710,2170,2,"742218_1855_X_CO_M45_02T","GSM 1800"
"K742218",1855,1710,2170,3,"742218_1855_X_CO_M45_03T","GSM 1800"
"K742218",1855,1710,2170,4,"742218_1855_X_CO_M45_04T","GSM 1800"
"K742218",1855,1710,2170,5,"742218_1855_X_CO_M45_05T","GSM 1800"
"K742218",1855,1710,2170,6,"742218_1855_X_CO_M45_06T","GSM 1800"
"K742218",1855,1710,2170,7,"742218_1855_X_CO_M45_07T","GSM 1800"
"K742218",1855,1710,2170,8,"742218_1855_X_CO_M45_08T","GSM 1800"
"K742218",2140,1710,2170,0,"742218_2140_X_CO_M45_00T","UMTS 2100"
"K742218",2140,1710,2170,1,"742218_2140_X_CO_M45_01T","UMTS 2100"
"K742218",2140,1710,2170,2,"742218_2140_X_CO_M45_02T","UMTS 2100"
"K742218",2140,1710,2170,3,"742218_2140_X_CO_M45_03T","UMTS 2100"
"K742218",2140,1710,2170,4,"742218_2140_X_CO_M45_04T","UMTS 2100"
"K742218",2140,1710,2170,5,"742218_2140_X_CO_M45_05T","UMTS 2100"
"K742218",2140,1710,2170,6,"742218_2140_X_CO_M45_06T","UMTS 2100"
"K742218",2140,1710,2170,7,"742218_2140_X_CO_M45_07T","UMTS 2100"
"K742218",2140,1710,2170,8,"742218_2140_X_CO_M45_08T","UMTS 2100"
"K742218",2140,1710,2170,0,"742218_1855_X_CO_M45_00T","LTE 1800"
"K742218",2140,1710,2170,1,"742218_1855_X_CO_M45_01T","LTE 1800"
"K742218",2140,1710,2170,2,"742218_1855_X_CO_M45_02T","LTE 1800"
"K742218",2140,1710,2170,3,"742218_1855_X_CO_M45_03T","LTE 1800"
"K742218",2140,1710,2170,4,"742218_1855_X_CO_M45_04T","LTE 1800"
"K742218",2140,1710,2170,5,"742218_1855_X_CO_M45_05T","LTE 1800"
"K742218",2140,1710,2170,6,"742218_1855_X_CO_M45_06T","LTE 1800"
"K742218",2140,1710,2170,7,"742218_1855_X_CO_M45_07T","LTE 1800"
"K742218",2140,1710,2170,8,"742218_1855_X_CO_M45_08T","LTE 1800"
"K742224C",1855,1710,2180,0,"742224V02_1855_X_CO_M45_00T","GSM 1800"
"K742224C",1855,1710,2180,1,"742224V02_1855_X_CO_M45_01T","GSM 1800"
"K742224C",1855,1710,2180,2,"742224V02_1855_X_CO_M45_02T","GSM 1800"
"K742224C",1855,1710,2180,3,"742224V02_1855_X_CO_M45_03T","GSM 1800"
"K742224C",1855,1710,2180,4,"742224V02_1855_X_CO_M45_04T","GSM 1800"
"K742224C",1855,1710,2180,5,"742224V02_1855_X_CO_M45_05T","GSM 1800"
"K742224C",1855,1710,2180,6,"742224V02_1855_X_CO_M45_06T","GSM 1800"
"K742224C",2140,1710,2180,0,"742224V02_2140_X_CO_M45_00T","UMTS 2100"
"K742224C",2140,1710,2180,1,"742224V02_2140_X_CO_M45_01T","UMTS 2100"
"K742224C",2140,1710,2180,2,"742224V02_2140_X_CO_M45_02T","UMTS 2100"
"K742224C",2140,1710,2180,3,"742224V02_2140_X_CO_M45_03T","UMTS 2100"
"K742224C",2140,1710,2180,4,"742224V02_2140_X_CO_M45_04T","UMTS 2100"
"K742224C",2140,1710,2180,5,"742224V02_2140_X_CO_M45_05T","UMTS 2100"
"K742224C",2140,1710,2180,6,"742224V02_2140_X_CO_M45_06T","UMTS 2100"
"K742224C",2140,1710,2180,0,"742224V02_1855_X_CO_M45_00T","LTE 1800"
"K742224C",2140,1710,2180,1,"742224V02_1855_X_CO_M45_01T","LTE 1800"
"K742224C",2140,1710,2180,2,"742224V02_1855_X_CO_M45_02T","LTE 1800"
"K742224C",2140,1710,2180,3,"742224V02_1855_X_CO_M45_03T","LTE 1800"
"K742224C",2140,1710,2180,4,"742224V02_1855_X_CO_M45_04T","LTE 1800"
"K742224C",2140,1710,2180,5,"742224V02_1855_X_CO_M45_05T","LTE 1800"
"K742224C",2140,1710,2180,6,"742224V02_1855_X_CO_M45_06T","LTE 1800"
"K742224C",947,824,960,0,"742224V02_0947_X_CO_M45_00T","GSM 900"
"K742224C",947,824,960,1,"742224V02_0947_X_CO_M45_01T","GSM 900"
"K742224C",947,824,960,2,"742224V02_0947_X_CO_M45_02T","GSM 900"
"K742224C",947,824,960,3,"742224V02_0947_X_CO_M45_03T","GSM 900"
"K742224C",947,824,960,4,"742224V02_0947_X_CO_M45_04T","GSM 900"
"K742224C",947,824,960,5,"742224V02_0947_X_CO_M45_05T","GSM 900"
"K742224C",947,824,960,6,"742224V02_0947_X_CO_M45_06T","GSM 900"
"K742224C",947,824,960,7,"742224V02_0947_X_CO_M45_07T","GSM 900"
"K742224C",947,824,960,8,"742224V02_0947_X_CO_M45_08T","GSM 900"
"K742224C",947,824,960,9,"742224V02_0947_X_CO_M45_09T","GSM 900"
"K742224C",947,824,960,10,"742224V02_0947_X_CO_M45_10T","GSM 900"
"K742226",947,806,960,0,"742226_0947_X_CO_M45","GSM 900"
"K742226",1855,1710,2170,0,"742226_1855_X_CO_M45","GSM 1800"
"K742226",2140,1710,2170,0,"742226_2140_X_CO_M45","UMTS 2100"
"K742226",2140,1710,2170,0,"742226_1855_X_CO_M45","LTE 1800"
"K742233",1855,1710,2170,0,"742233_1855_X_CO_M45_00T_L","GSM 1800"
"K742233",1855,1710,2170,1,"742233_1855_X_CO_M45_01T_L","GSM 1800"
"K742233",1855,1710,2170,2,"742233_1855_X_CO_M45_02T_L","GSM 1800"
"K742233",1855,1710,2170,3,"742233_1855_X_CO_M45_03T_L","GSM 1800"
"K742233",1855,1710,2170,4,"742233_1855_X_CO_M45_04T_L","GSM 1800"
"K742233",1855,1710,2170,5,"742233_1855_X_CO_M45_05T_L","GSM 1800"
"K742233",1855,1710,2170,6,"742233_1855_X_CO_M45_06T_L","GSM 1800"
"K742233",1855,1710,2170,7,"742233_1855_X_CO_M45_07T_L","GSM 1800"
"K742233",1855,1710,2170,8,"742233_1855_X_CO_M45_08T_L","GSM 1800"
"K742233",1855,1710,2170,9,"742233_1855_X_CO_M45_09T_L","GSM 1800"
"K742233",1855,1710,2170,10,"742233_1855_X_CO_M45_10T_L","GSM 1800"
"K742233",2140,1710,2170,0,"742233_2140_X_CO_M45_00T_L","UMTS 2100"
"K742233",2140,1710,2170,1,"742233_2140_X_CO_M45_01T_L","UMTS 2100"
"K742233",2140,1710,2170,2,"742233_2140_X_CO_M45_02T_L","UMTS 2100"
"K742233",2140,1710,2170,3,"742233_2140_X_CO_M45_03T_L","UMTS 2100"
"K742233",2140,1710,2170,4,"742233_2140_X_CO_M45_04T_L","UMTS 2100"
"K742233",2140,1710,2170,5,"742233_2140_X_CO_M45_05T_L","UMTS 2100"
"K742233",2140,1710,2170,6,"742233_2140_X_CO_M45_06T_L","UMTS 2100"
"K742233",2140,1710,2170,7,"742233_2140_X_CO_M45_07T_L","UMTS 2100"
"K742233",2140,1710,2170,8,"742233_2140_X_CO_M45_08T_L","UMTS 2100"
"K742233",2140,1710,2170,9,"742233_2140_X_CO_M45_09T_L","UMTS 2100"
"K742233",2140,1710,2170,10,"742233_2140_X_CO_M45_10T_L","UMTS 2100"
"K742233",2140,1710,2170,0,"742233_1855_X_CO_M45_00T_L","LTE 1800"
"K742233",2140,1710,2170,1,"742233_1855_X_CO_M45_01T_L","LTE 1800"
"K742233",2140,1710,2170,2,"742233_1855_X_CO_M45_02T_L","LTE 1800"
"K742233",2140,1710,2170,3,"742233_1855_X_CO_M45_03T_L","LTE 1800"
"K742233",2140,1710,2170,4,"742233_1855_X_CO_M45_04T_L","LTE 1800"
"K742233",2140,1710,2170,5,"742233_1855_X_CO_M45_05T_L","LTE 1800"
"K742233",2140,1710,2170,6,"742233_1855_X_CO_M45_06T_L","LTE 1800"
"K742233",2140,1710,2170,7,"742233_1855_X_CO_M45_07T_L","LTE 1800"
"K742233",2140,1710,2170,8,"742233_1855_X_CO_M45_08T_L","LTE 1800"
"K742233",2140,1710,2170,9,"742233_1855_X_CO_M45_09T_L","LTE 1800"
"K742233",2140,1710,2170,10,"742233_1855_X_CO_M45_10T_L","LTE 1800"
"K742234",1855,1710,2170,0,"742234_1855_X_CO_M45_00T_L","GSM 1800"
"K742234",1855,1710,2170,1,"742234_1855_X_CO_M45_01T_L","GSM 1800"
"K742234",1855,1710,2170,2,"742234_1855_X_CO_M45_02T_L","GSM 1800"
"K742234",1855,1710,2170,3,"742234_1855_X_CO_M45_03T_L","GSM 1800"
"K742234",1855,1710,2170,4,"742234_1855_X_CO_M45_04T_L","GSM 1800"
"K742234",1855,1710,2170,5,"742234_1855_X_CO_M45_05T_L","GSM 1800"
"K742234",1855,1710,2170,6,"742234_1855_X_CO_M45_06T_L","GSM 1800"
"K742234",1855,1710,2170,7,"742234_1855_X_CO_M45_07T_L","GSM 1800"
"K742234",1855,1710,2170,8,"742234_1855_X_CO_M45_08T_L","GSM 1800"
"K742234",2140,1710,2170,0,"742234_2140_X_CO_M45_00T_L","UMTS 2100"
"K742234",2140,1710,2170,1,"742234_2140_X_CO_M45_01T_L","UMTS 2100"
"K742234",2140,1710,2170,2,"742234_2140_X_CO_M45_02T_L","UMTS 2100"
"K742234",2140,1710,2170,3,"742234_2140_X_CO_M45_03T_L","UMTS 2100"
"K742234",2140,1710,2170,4,"742234_2140_X_CO_M45_04T_L","UMTS 2100"
"K742234",2140,1710,2170,5,"742234_2140_X_CO_M45_05T_L","UMTS 2100"
"K742234",2140,1710,2170,6,"742234_2140_X_CO_M45_06T_L","UMTS 2100"
"K742234",2140,1710,2170,7,"742234_2140_X_CO_M45_07T_L","UMTS 2100"
"K742234",2140,1710,2170,8,"742234_2140_X_CO_M45_08T_L","UMTS 2100"
"K742234",2140,1710,2170,0,"742234_1855_X_CO_M45_00T_L","LTE 1800"
"K742234",2140,1710,2170,1,"742234_1855_X_CO_M45_01T_L","LTE 1800"
"K742234",2140,1710,2170,2,"742234_1855_X_CO_M45_02T_L","LTE 1800"
"K742234",2140,1710,2170,3,"742234_1855_X_CO_M45_03T_L","LTE 1800"
"K742234",2140,1710,2170,4,"742234_1855_X_CO_M45_04T_L","LTE 1800"
"K742234",2140,1710,2170,5,"742234_1855_X_CO_M45_05T_L","LTE 1800"
"K742234",2140,1710,2170,6,"742234_1855_X_CO_M45_06T_L","LTE 1800"
"K742234",2140,1710,2170,7,"742234_1855_X_CO_M45_07T_L","LTE 1800"
"K742234",2140,1710,2170,8,"742234_1855_X_CO_M45_08T_L","LTE 1800"
"K742235",1855,1710,2170,0,"742235_1855_X_CO_M45_00T_L","GSM 1800"
"K742235",1855,1710,2170,1,"742235_1855_X_CO_M45_01T_L","GSM 1800"
"K742235",1855,1710,2170,2,"742235_1855_X_CO_M45_02T_L","GSM 1800"
"K742235",1855,1710,2170,3,"742235_1855_X_CO_M45_03T_L","GSM 1800"
"K742235",1855,1710,2170,4,"742235_1855_X_CO_M45_04T_L","GSM 1800"
"K742235",1855,1710,2170,5,"742235_1855_X_CO_M45_05T_L","GSM 1800"
"K742235",1855,1710,2170,6,"742235_1855_X_CO_M45_06T_L","GSM 1800"
"K742235",2140,1710,2170,0,"742235_2140_X_CO_M45_00T_L","UMTS 2100"
"K742235",2140,1710,2170,1,"742235_2140_X_CO_M45_01T_L","UMTS 2100"
"K742235",2140,1710,2170,2,"742235_2140_X_CO_M45_02T_L","UMTS 2100"
"K742235",2140,1710,2170,3,"742235_2140_X_CO_M45_03T_L","UMTS 2100"
"K742235",2140,1710,2170,4,"742235_2140_X_CO_M45_04T_L","UMTS 2100"
"K742235",2140,1710,2170,5,"742235_2140_X_CO_M45_05T_L","UMTS 2100"
"K742235",2140,1710,2170,6,"742235_2140_X_CO_M45_06T_L","UMTS 2100"
"K742235",2140,1710,2170,0,"742235_1855_X_CO_M45_00T_L","LTE 1800"
"K742235",2140,1710,2170,1,"742235_1855_X_CO_M45_01T_L","LTE 1800"
"K742235",2140,1710,2170,2,"742235_1855_X_CO_M45_02T_L","LTE 1800"
"K742235",2140,1710,2170,3,"742235_1855_X_CO_M45_03T_L","LTE 1800"
"K742235",2140,1710,2170,4,"742235_1855_X_CO_M45_04T_L","LTE 1800"
"K742235",2140,1710,2170,5,"742235_1855_X_CO_M45_05T_L","LTE 1800"
"K742235",2140,1710,2170,6,"742235_1855_X_CO_M45_06T_L","LTE 1800"
"K742264",947,824,960,0,"742264_0947_X_CO_M45_00T","GSM 900"
"K742264",947,824,960,1,"742264_0947_X_CO_M45_01T","GSM 900"
"K742264",947,824,960,2,"742264_0947_X_CO_M45_02T","GSM 900"
"K742264",947,824,960,3,"742264_0947_X_CO_M45_03T","GSM 900"
"K742264",947,824,960,4,"742264_0947_X_CO_M45_04T","GSM 900"
"K742264",947,824,960,5,"742264_0947_X_CO_M45_05T","GSM 900"
"K742264",947,824,960,6,"742264_0947_X_CO_M45_06T","GSM 900"
"K742264",947,824,960,7,"742264_0947_X_CO_M45_07T","GSM 900"
"K742264",947,824,960,8,"742264_0947_X_CO_M45_08T","GSM 900"
"K742264",947,824,960,9,"742264_0947_X_CO_M45_09T","GSM 900"
"K742264",947,824,960,10,"742264_0947_X_CO_M45_10T","GSM 900"
"K742264",947,824,960,11,"742264_0947_X_CO_M45_11T","GSM 900"
"K742264",947,824,960,12,"742264_0947_X_CO_M45_12T","GSM 900"
"K742264",947,824,960,13,"742264_0947_X_CO_M45_13T","GSM 900"
"K742264",947,824,960,14,"742264_0947_X_CO_M45_14T","GSM 900"
"K742264",1855,1710,2170,0,"742264_1855_X_CO_M45_00T","GSM 1800"
"K742264",1855,1710,2170,1,"742264_1855_X_CO_M45_01T","GSM 1800"
"K742264",1855,1710,2170,2,"742264_1855_X_CO_M45_02T","GSM 1800"
"K742264",1855,1710,2170,3,"742264_1855_X_CO_M45_03T","GSM 1800"
"K742264",1855,1710,2170,4,"742264_1855_X_CO_M45_04T","GSM 1800"
"K742264",1855,1710,2170,5,"742264_1855_X_CO_M45_05T","GSM 1800"
"K742264",1855,1710,2170,6,"742264_1855_X_CO_M45_06T","GSM 1800"
"K742264",1855,1710,2170,7,"742264_1855_X_CO_M45_07T","GSM 1800"
"K742264",1855,1710,2170,8,"742264_1855_X_CO_M45_08T","GSM 1800"
"K742264",2140,1710,2170,0,"742264_2140_X_CO_M45_00T","UMTS 2100"
"K742264",2140,1710,2170,1,"742264_2140_X_CO_M45_01T","UMTS 2100"
"K742264",2140,1710,2170,2,"742264_2140_X_CO_M45_02T","UMTS 2100"
"K742264",2140,1710,2170,3,"742264_2140_X_CO_M45_03T","UMTS 2100"
"K742264",2140,1710,2170,4,"742264_2140_X_CO_M45_04T","UMTS 2100"
"K742264",2140,1710,2170,5,"742264_2140_X_CO_M45_05T","UMTS 2100"
"K742264",2140,1710,2170,6,"742264_2140_X_CO_M45_06T","UMTS 2100"
"K742264",2140,1710,2170,7,"742264_2140_X_CO_M45_07T","UMTS 2100"
"K742264",2140,1710,2170,8,"742264_2140_X_CO_M45_08T","UMTS 2100"
"K742264",2140,1710,2170,0,"742264_1855_X_CO_M45_00T","LTE 1800"
"K742264",2140,1710,2170,1,"742264_1855_X_CO_M45_01T","LTE 1800"
"K742264",2140,1710,2170,2,"742264_1855_X_CO_M45_02T","LTE 1800"
"K742264",2140,1710,2170,3,"742264_1855_X_CO_M45_03T","LTE 1800"
"K742264",2140,1710,2170,4,"742264_1855_X_CO_M45_04T","LTE 1800"
"K742264",2140,1710,2170,5,"742264_1855_X_CO_M45_05T","LTE 1800"
"K742264",2140,1710,2170,6,"742264_1855_X_CO_M45_06T","LTE 1800"
"K742264",2140,1710,2170,7,"742264_1855_X_CO_M45_07T","LTE 1800"
"K742264",2140,1710,2170,8,"742264_1855_X_CO_M45_08T","LTE 1800"
"K742265",947,824,960,0,"742265_0947_X_CO_M45_00T","GSM 900"
"K742265",947,824,960,1,"742265_0947_X_CO_M45_01T","GSM 900"
"K742265",947,824,960,2,"742265_0947_X_CO_M45_02T","GSM 900"
"K742265",947,824,960,3,"742265_0947_X_CO_M45_03T","GSM 900"
"K742265",947,824,960,4,"742265_0947_X_CO_M45_04T","GSM 900"
"K742265",947,824,960,5,"742265_0947_X_CO_M45_05T","GSM 900"
"K742265",947,824,960,6,"742265_0947_X_CO_M45_06T","GSM 900"
"K742265",947,824,960,7,"742265_0947_X_CO_M45_07T","GSM 900"
"K742265",947,824,960,8,"742265_0947_X_CO_M45_08T","GSM 900"
"K742265",947,824,960,9,"742265_0947_X_CO_M45_09T","GSM 900"
"K742265",947,824,960,10,"742265_0947_X_CO_M45_10T","GSM 900"
"K742265",1855,1710,2170,0,"742265_1855_X_CO_M45_00T","GSM 1800"
"K742265",1855,1710,2170,1,"742265_1855_X_CO_M45_01T","GSM 1800"
"K742265",1855,1710,2170,2,"742265_1855_X_CO_M45_02T","GSM 1800"
"K742265",1855,1710,2170,3,"742265_1855_X_CO_M45_03T","GSM 1800"
"K742265",1855,1710,2170,4,"742265_1855_X_CO_M45_04T","GSM 1800"
"K742265",1855,1710,2170,5,"742265_1855_X_CO_M45_05T","GSM 1800"
"K742265",1855,1710,2170,6,"742265_1855_X_CO_M45_06T","GSM 1800"
"K742265",2140,1710,2170,0,"742265_2140_X_CO_M45_00T","UMTS 2100"
"K742265",2140,1710,2170,1,"742265_2140_X_CO_M45_01T","UMTS 2100"
"K742265",2140,1710,2170,2,"742265_2140_X_CO_M45_02T","UMTS 2100"
"K742265",2140,1710,2170,3,"742265_2140_X_CO_M45_03T","UMTS 2100"
"K742265",2140,1710,2170,4,"742265_2140_X_CO_M45_04T","UMTS 2100"
"K742265",2140,1710,2170,5,"742265_2140_X_CO_M45_05T","UMTS 2100"
"K742265",2140,1710,2170,6,"742265_2140_X_CO_M45_06T","UMTS 2100"
"K742265",2140,1710,2170,0,"742265_1855_X_CO_M45_00T","LTE 1800"
"K742265",2140,1710,2170,1,"742265_1855_X_CO_M45_01T","LTE 1800"
"K742265",2140,1710,2170,2,"742265_1855_X_CO_M45_02T","LTE 1800"
"K742265",2140,1710,2170,3,"742265_1855_X_CO_M45_03T","LTE 1800"
"K742265",2140,1710,2170,4,"742265_1855_X_CO_M45_04T","LTE 1800"
"K742265",2140,1710,2170,5,"742265_1855_X_CO_M45_05T","LTE 1800"
"K742265",2140,1710,2170,6,"742265_1855_X_CO_M45_06T","LTE 1800"
"K742266",947,824,960,0,"742266_0947_X_CO_M45_00T","GSM 900"
"K742266",947,824,960,1,"742266_0947_X_CO_M45_01T","GSM 900"
"K742266",947,824,960,2,"742266_0947_X_CO_M45_02T","GSM 900"
"K742266",947,824,960,3,"742266_0947_X_CO_M45_03T","GSM 900"
"K742266",947,824,960,4,"742266_0947_X_CO_M45_04T","GSM 900"
"K742266",947,824,960,5,"742266_0947_X_CO_M45_05T","GSM 900"
"K742266",947,824,960,6,"742266_0947_X_CO_M45_06T","GSM 900"
"K742266",947,824,960,7,"742266_0947_X_CO_M45_07T","GSM 900"
"K742266",1855,1710,2170,0,"742266_1855_X_CO_M45_00T","GSM 1800"
"K742266",1855,1710,2170,1,"742266_1855_X_CO_M45_01T","GSM 1800"
"K742266",1855,1710,2170,2,"742266_1855_X_CO_M45_02T","GSM 1800"
"K742266",1855,1710,2170,3,"742266_1855_X_CO_M45_03T","GSM 1800"
"K742266",1855,1710,2170,4,"742266_1855_X_CO_M45_04T","GSM 1800"
"K742266",1855,1710,2170,5,"742266_1855_X_CO_M45_05T","GSM 1800"
"K742266",1855,1710,2170,6,"742266_1855_X_CO_M45_06T","GSM 1800"
"K742266",2140,1710,2170,0,"742266_2140_X_CO_M45_00T","UMTS 2100"
"K742266",2140,1710,2170,1,"742266_2140_X_CO_M45_01T","UMTS 2100"
"K742266",2140,1710,2170,2,"742266_2140_X_CO_M45_02T","UMTS 2100"
"K742266",2140,1710,2170,3,"742266_2140_X_CO_M45_03T","UMTS 2100"
"K742266",2140,1710,2170,4,"742266_2140_X_CO_M45_04T","UMTS 2100"
"K742266",2140,1710,2170,5,"742266_2140_X_CO_M45_05T","UMTS 2100"
"K742266",2140,1710,2170,6,"742266_2140_X_CO_M45_06T","UMTS 2100"
"K742266",2140,1710,2170,0,"742266_1855_X_CO_M45_00T","LTE 1800"
"K742266",2140,1710,2170,1,"742266_1855_X_CO_M45_01T","LTE 1800"
"K742266",2140,1710,2170,2,"742266_1855_X_CO_M45_02T","LTE 1800"
"K742266",2140,1710,2170,3,"742266_1855_X_CO_M45_03T","LTE 1800"
"K742266",2140,1710,2170,4,"742266_1855_X_CO_M45_04T","LTE 1800"
"K742266",2140,1710,2170,5,"742266_1855_X_CO_M45_05T","LTE 1800"
"K742266",2140,1710,2170,6,"742266_1855_X_CO_M45_06T","LTE 1800"
"K739619",947.5,806,960,0,"739619_0948_X_CO_P45","GSM 900"
"K742351",1855,1710,2170,0,"742351_1855_X_CO_M45_00T","GSM 1800"
"K742351",1855,1710,2170,1,"742351_1855_X_CO_M45_01T","GSM 1800"
"K742351",1855,1710,2170,2,"742351_1855_X_CO_M45_02T","GSM 1800"
"K742351",1855,1710,2170,3,"742351_1855_X_CO_M45_03T","GSM 1800"
"K742351",1855,1710,2170,4,"742351_1855_X_CO_M45_04T","GSM 1800"
"K742351",1855,1710,2170,5,"742351_1855_X_CO_M45_05T","GSM 1800"
"K742351",1855,1710,2170,6,"742351_1855_X_CO_M45_06T","GSM 1800"
"K742351",1855,1710,2170,7,"742351_1855_X_CO_M45_07T","GSM 1800"
"K742351",1855,1710,2170,8,"742351_1855_X_CO_M45_08T","GSM 1800"
"K742351",2140,1710,2170,0,"742351_2140_X_CO_M45_00T","UMTS 2100"
"K742351",2140,1710,2170,1,"742351_2140_X_CO_M45_01T","UMTS 2100"
"K742351",2140,1710,2170,2,"742351_2140_X_CO_M45_02T","UMTS 2100"
"K742351",2140,1710,2170,3,"742351_2140_X_CO_M45_03T","UMTS 2100"
"K742351",2140,1710,2170,4,"742351_2140_X_CO_M45_04T","UMTS 2100"
"K742351",2140,1710,2170,5,"742351_2140_X_CO_M45_05T","UMTS 2100"
"K742351",2140,1710,2170,6,"742351_2140_X_CO_M45_06T","UMTS 2100"
"K742351",2140,1710,2170,7,"742351_2140_X_CO_M45_07T","UMTS 2100"
"K742351",2140,1710,2170,8,"742351_2140_X_CO_M45_08T","UMTS 2100"
"K742351",2140,1710,2170,0,"742351_1855_X_CO_M45_00T","LTE 1800"
"K742351",2140,1710,2170,1,"742351_1855_X_CO_M45_01T","LTE 1800"
"K742351",2140,1710,2170,2,"742351_1855_X_CO_M45_02T","LTE 1800"
"K742351",2140,1710,2170,3,"742351_1855_X_CO_M45_03T","LTE 1800"
"K742351",2140,1710,2170,4,"742351_1855_X_CO_M45_04T","LTE 1800"
"K742351",2140,1710,2170,5,"742351_1855_X_CO_M45_05T","LTE 1800"
"K742351",2140,1710,2170,6,"742351_1855_X_CO_M45_06T","LTE 1800"
"K742351",2140,1710,2170,7,"742351_1855_X_CO_M45_07T","LTE 1800"
"K742351",2140,1710,2170,8,"742351_1855_X_CO_M45_08T","LTE 1800"
"K742271",947,806,960,0,"742271_0947_X_CO_M45_00T","GSM 900"
"K742271",947,806,960,1,"742271_0947_X_CO_M45_01T","GSM 900"
"K742271",947,806,960,2,"742271_0947_X_CO_M45_02T","GSM 900"
"K742271",947,806,960,3,"742271_0947_X_CO_M45_03T","GSM 900"
"K742271",947,806,960,4,"742271_0947_X_CO_M45_04T","GSM 900"
"K742271",947,806,960,5,"742271_0947_X_CO_M45_05T","GSM 900"
"K742271",947,806,960,6,"742271_0947_X_CO_M45_06T","GSM 900"
"K742271",947,806,960,7,"742271_0947_X_CO_M45_07T","GSM 900"
"K742271",947,806,960,8,"742271_0947_X_CO_M45_08T","GSM 900"
"K742271",947,806,960,9,"742271_0947_X_CO_M45_09T","GSM 900"
"K742271",947,806,960,10,"742271_0947_X_CO_M45_10T","GSM 900"
"K742271",1855,1710,1880,0,"742271_1855_X_CO_M45_00T","GSM 1800"
"K742271",1855,1710,1880,1,"742271_1855_X_CO_M45_01T","GSM 1800"
"K742271",1855,1710,1880,2,"742271_1855_X_CO_M45_02T","GSM 1800"
"K742271",1855,1710,1880,3,"742271_1855_X_CO_M45_03T","GSM 1800"
"K742271",1855,1710,1880,4,"742271_1855_X_CO_M45_04T","GSM 1800"
"K742271",1855,1710,1880,5,"742271_1855_X_CO_M45_05T","GSM 1800"
"K742271",1855,1710,1880,6,"742271_1855_X_CO_M45_06T","GSM 1800"
"K742271",2140,1920,2170,0,"742271_2140_X_CO_M45_00T","UMTS 2100"
"K742271",2140,1920,2170,1,"742271_2140_X_CO_M45_01T","UMTS 2100"
"K742271",2140,1920,2170,2,"742271_2140_X_CO_M45_02T","UMTS 2100"
"K742271",2140,1920,2170,3,"742271_2140_X_CO_M45_03T","UMTS 2100"
"K742271",2140,1920,2170,4,"742271_2140_X_CO_M45_04T","UMTS 2100"
"K742271",2140,1920,2170,5,"742271_2140_X_CO_M45_05T","UMTS 2100"
"K742271",2140,1920,2170,6,"742271_2140_X_CO_M45_06T","UMTS 2100"
"K742271",1855,1710,1880,0,"742271_1855_X_CO_M45_00T","LTE 1800"
"K742271",1855,1710,1880,1,"742271_1855_X_CO_M45_01T","LTE 1800"
"K742271",1855,1710,1880,2,"742271_1855_X_CO_M45_02T","LTE 1800"
"K742271",1855,1710,1880,3,"742271_1855_X_CO_M45_03T","LTE 1800"
"K742271",1855,1710,1880,4,"742271_1855_X_CO_M45_04T","LTE 1800"
"K742271",1855,1710,1880,5,"742271_1855_X_CO_M45_05T","LTE 1800"
"K742271",1855,1710,1880,6,"742271_1855_X_CO_M45_06T","LTE 1800"
"K742272",947,806,960,0,"742272_0947_X_CO_M45_00T","GSM 900"
"K742272",947,806,960,1,"742272_0947_X_CO_M45_01T","GSM 900"
"K742272",947,806,960,2,"742272_0947_X_CO_M45_02T","GSM 900"
"K742272",947,806,960,3,"742272_0947_X_CO_M45_03T","GSM 900"
"K742272",947,806,960,4,"742272_0947_X_CO_M45_04T","GSM 900"
"K742272",947,806,960,5,"742272_0947_X_CO_M45_05T","GSM 900"
"K742272",947,806,960,6,"742272_0947_X_CO_M45_06T","GSM 900"
"K742272",947,806,960,7,"742272_0947_X_CO_M45_07T","GSM 900"
"K742272",1855,1710,1880,0,"742272_1855_X_CO_M45_00T","GSM 1800"
"K742272",1855,1710,1880,1,"742272_1855_X_CO_M45_01T","GSM 1800"
"K742272",1855,1710,1880,2,"742272_1855_X_CO_M45_02T","GSM 1800"
"K742272",1855,1710,1880,3,"742272_1855_X_CO_M45_03T","GSM 1800"
"K742272",1855,1710,1880,4,"742272_1855_X_CO_M45_04T","GSM 1800"
"K742272",1855,1710,1880,5,"742272_1855_X_CO_M45_05T","GSM 1800"
"K742272",1855,1710,1880,6,"742272_1855_X_CO_M45_06T","GSM 1800"
"K742272",2140,1920,2170,0,"742272_2140_X_CO_M45_00T","UMTS 2100"
"K742272",2140,1920,2170,1,"742272_2140_X_CO_M45_01T","UMTS 2100"
"K742272",2140,1920,2170,2,"742272_2140_X_CO_M45_02T","UMTS 2100"
"K742272",2140,1920,2170,3,"742272_2140_X_CO_M45_03T","UMTS 2100"
"K742272",2140,1920,2170,4,"742272_2140_X_CO_M45_04T","UMTS 2100"
"K742272",2140,1920,2170,5,"742272_2140_X_CO_M45_05T","UMTS 2100"
"K742272",2140,1920,2170,6,"742272_2140_X_CO_M45_06T","UMTS 2100"
"K742272",1855,1710,1880,0,"742272_1855_X_CO_M45_00T","LTE 1800"
"K742272",1855,1710,1880,1,"742272_1855_X_CO_M45_01T","LTE 1800"
"K742272",1855,1710,1880,2,"742272_1855_X_CO_M45_02T","LTE 1800"
"K742272",1855,1710,1880,3,"742272_1855_X_CO_M45_03T","LTE 1800"
"K742272",1855,1710,1880,4,"742272_1855_X_CO_M45_04T","LTE 1800"
"K742272",1855,1710,1880,5,"742272_1855_X_CO_M45_05T","LTE 1800"
"K742272",1855,1710,1880,6,"742272_1855_X_CO_M45_06T","LTE 1800"
"K742215",1855,1710,2200,0,"742215_1855_X_CO_M45_00T","GSM 1800"
"K742215",1855,1710,2200,1,"742215_1855_X_CO_M45_01T","GSM 1800"
"K742215",1855,1710,2200,2,"742215_1855_X_CO_M45_02T","GSM 1800"
"K742215",1855,1710,2200,3,"742215_1855_X_CO_M45_03T","GSM 1800"
"K742215",1855,1710,2200,4,"742215_1855_X_CO_M45_04T","GSM 1800"
"K742215",1855,1710,2200,5,"742215_1855_X_CO_M45_05T","GSM 1800"
"K742215",1855,1710,2200,6,"742215_1855_X_CO_M45_06T","GSM 1800"
"K742215",1855,1710,2200,7,"742215_1855_X_CO_M45_07T","GSM 1800"
"K742215",1855,1710,2200,8,"742215_1855_X_CO_M45_08T","GSM 1800"
"K742215",1855,1710,2200,9,"742215_1855_X_CO_M45_09T","GSM 1800"
"K742215",1855,1710,2200,10,"742215_1855_X_CO_M45_10T","GSM 1800"
"K742215",2140,1710,2200,0,"742215_2140_X_CO_M45_00T","UMTS 2100"
"K742215",2140,1710,2200,1,"742215_2140_X_CO_M45_01T","UMTS 2100"
"K742215",2140,1710,2200,2,"742215_2140_X_CO_M45_02T","UMTS 2100"
"K742215",2140,1710,2200,3,"742215_2140_X_CO_M45_03T","UMTS 2100"
"K742215",2140,1710,2200,4,"742215_2140_X_CO_M45_04T","UMTS 2100"
"K742215",2140,1710,2200,5,"742215_2140_X_CO_M45_05T","UMTS 2100"
"K742215",2140,1710,2200,6,"742215_2140_X_CO_M45_06T","UMTS 2100"
"K742215",2140,1710,2200,7,"742215_2140_X_CO_M45_07T","UMTS 2100"
"K742215",2140,1710,2200,8,"742215_2140_X_CO_M45_08T","UMTS 2100"
"K742215",2140,1710,2200,9,"742215_2140_X_CO_M45_09T","UMTS 2100"
"K742215",2140,1710,2200,10,"742215_2140_X_CO_M45_10T","UMTS 2100"
"K742215",1855,1710,2200,0,"742215_1855_X_CO_M45_00T","LTE 1800"
"K742215",1855,1710,2200,1,"742215_1855_X_CO_M45_01T","LTE 1800"
"K742215",1855,1710,2200,2,"742215_1855_X_CO_M45_02T","LTE 1800"
"K742215",1855,1710,2200,3,"742215_1855_X_CO_M45_03T","LTE 1800"
"K742215",1855,1710,2200,4,"742215_1855_X_CO_M45_04T","LTE 1800"
"K742215",1855,1710,2200,5,"742215_1855_X_CO_M45_05T","LTE 1800"
"K742215",1855,1710,2200,6,"742215_1855_X_CO_M45_06T","LTE 1800"
"K742215",1855,1710,2200,7,"742215_1855_X_CO_M45_07T","LTE 1800"
"K742215",1855,1710,2200,8,"742215_1855_X_CO_M45_08T","LTE 1800"
"K742215",1855,1710,2200,9,"742215_1855_X_CO_M45_09T","LTE 1800"
"K742215",2140,1710,2200,10,"742215_2140_X_CO_M45_10T","LTE 1800"
"K742210",1855,1710,2170,0,"742210_1855_X_CO_M45","GSM 1800"
"K742210",2140,1710,2170,0,"742210_2140_X_CO_M45","UMTS 2100"
"K742210",1855,1710,2170,0,"742210_1855_X_CO_M45","LTE 1800"
"K741984",1855,1710,2170,0,"741984_1855_X_CO_M45","GSM 1800"
"K741984",2140,1710,2170,0,"741984_2140_X_CO_M45","UMTS 2100"
"K741984",1855,1710,2170,0,"741984_1855_X_CO_M45","LTE 1800"
"CMAB3324",1860,1710,2170,0,"CMA3324_0_1860","GSM 1800"
"CMAB3324",1860,1710,2170,2,"CMA3324_2_1860","GSM 1800"
"CMAB3324",2140,1710,2170,0,"CMA3324_0_2140","UMTS 2100"
"CMAB3324",2140,1710,2170,2,"CMA3324_2_2140","UMTS 2100"
"CMAB3324",1860,1710,2170,0,"CMA3324_0_1860","LTE 1800"
"CMAB3324",1860,1710,2170,2,"CMA3324_2_1860","LTE 1800"
"CMA6521",1860,1710,2170,0,"CMA6521_0_1860","GSM 1800"
"CMA6521",1860,1710,2170,2,"CMA6521_2_1860","GSM 1800"
"CMA6521",1860,1710,2170,4,"CMA6521_4_1860","GSM 1800"
"CMA6521",1860,1710,2170,6,"CMA6521_6_1860","GSM 1800"
"CMA6521",2140,1710,2170,0,"CMA6521_0_2140","UMTS 2100"
"CMA6521",2140,1710,2170,2,"CMA6521_2_2140","UMTS 2100"
"CMA6521",2140,1710,2170,4,"CMA6521_4_2140","UMTS 2100"
"CMA6521",2140,1710,2170,6,"CMA6521_6_2140","UMTS 2100"
"CMA6521",1860,1710,2170,0,"CMA6521_0_1860","LTE 1800"
"CMA6521",1860,1710,2170,2,"CMA6521_2_1860","LTE 1800"
"CMA6521",1860,1710,2170,4,"CMA6521_4_1860","LTE 1800"
"CMA6521",1860,1710,2170,6,"CMA6521_6_1860","LTE 1800"
80010137,947.5,876,960,0,"80010137_0948_X_CO","GSM 900"
80010137,1862.5,1710,2500,0,"80010137_1862_X_CO","GSM 1800"
80010137,2170,1710,2500,0,"80010137_2170_X_CO","UMTS 2100"
80010137,1862.5,1710,2500,0,"80010137_1862_X_CO","LTE 1800"
80010248,947.5,806,960,0,"80010248_0948_X_CO","GSM 900"
80010248,1850,1710,2500,0,"80010248_1850_X_CO","GSM 1800"
80010248,2140,1710,2500,0,"80010248_2140_X_CO","UMTS 2100"
80010248,1850,1710,2500,0,"80010248_1850_X_CO","LTE 1800"
80010465,947.5,790,960,0,"80010465_0948_X_CO","GSM 900"
80010465,1850,1710,2700,0,"80010465_1850_X_CO","GSM 1800"
80010465,2140,1710,2700,0,"80010465_2140_X_CO","UMTS 2100"
80010465,1850,1710,2700,0,"80010465_1850_X_CO","LTE 1800"
2409,1862.5,1710,1880,0,"2409_1862_X_CO","GSM 1800"
"DB842H35ESY",948,870,960,0,"DB842H35E-SY_00DT_0948","GSM 900"
"DB844H35ESY",910,870,960,0,"DB844H35E-SY_00DT_0910","GSM 900"
"DB846F65ZAXY",948,806,960,0,"DB846F65ZAXY_00DT_0948","GSM 900"
"DB848H35ESY",880,870,960,0,"DB848H35E-SY_00DT_0880","GSM 900"
"DB992HG28NB",1850,1710,2490,0,"DB992HG28N-B_00DT_1850","GSM 1800"
"DB992HG28NB",2150,1710,2490,0,"DB992HG28N-B_00DT_2150","UMTS 2100"
"K736624",947.5,870,960,0,"736624_0948_X_CO","GSM 900"
"K742289",947.5,824,960,0,"742289_0948_X_CO","GSM 900"
"K742289",1850,1710,2170,0,"742289_1850_X_CO","GSM 1800"
"K742289",2140,1710,2170,0,"742289_2140_X_CO","UMTS 2100"
"K742289",1850,1710,2170,0,"742289_1850_X_CO","LTE 1800"
"K751167",947.5,806,960,0,"751167_0948_X_CO","GSM 900"
"TDJ80025002",947.5,800,2500,0,"TDJ-80025002_0948_X_CO","GSM 900"
"TDJ80025002",1850,800,2500,0,"TDJ-80025002_1850_X_CO","GSM 1800"
"TDJ80025002",2140,800,2500,0,"TDJ-80025002_2140_X_CO","UMTS 2100"
80010217,947,790,960,0,"80010217_0947_x_co_m45","GSM 900"
"K732267",947.5,790,960,0,"k732267_0948_x_co","GSM 900"
"K7345647",947.5,870,960,0,"k7345647_0948_x_co","GSM 900"
"AD3435G",947.5,890,960,0,"AD3435G_0948_x_co","GSM 900"
"A713115",947.5,870,960,0,"A713115_0948_X_CO","GSM 900"
"A713119",947.5,870,960,0,"A713119_0948_X_CO","GSM 900"
"AD40GSM7",960,890,960,0,"AD40GSM7_0960_X_CO","GSM 900"
"AO9009",947.5,890,960,0,"AO9009_0948_X_CO","GSM 900"
"AP901214",947.5,824,960,0,"AP901214_0948_X_CO","GSM 900"
"AP906516",947.5,824,960,0,"AP906516_0948_X_CO","GSM 900"
"AP909014",947.5,824,960,0,"AP909014_0948_X_CO_P45","GSM 900"
"APX182065150T2",1855,1710,2170,2,"APX18206515-0T2_1855_X_CO_M45_02T","GSM 1800"
"APX182065150T2",2140,1710,2170,2,"APX18206515-0T2_2140_X_CO_M45_02T","UMTS 2100"
"APX182065150T2",1855,1710,2170,2,"APX18206515-0T2_1855_X_CO_M45_02T","LTE 1800"
"APX182065150T6",1855,1710,2170,6,"APX182065150T6_1855_X_CO_M45_06T","GSM 1800"
"APX182065150T6",2140,1710,2170,6,"APX182065150T6_2140_X_CO_M45_06T","UMTS 2100"
"APX182065150T6",1855,1710,2170,6,"APX182065150T6_1855_X_CO_M45_06T","LTE 1800"
"DB844H45ZAXY",947.5,806,960,0,"DB844H45ZAXY_0948_X_CO","GSM 900"
"DB846G90AXY",947.5,806,960,0,"DB846G90AXY_0948_X_CO_P45","GSM 900"
"DB944H40EKL",1855,1710,1880,0,"DB944H40EKL_1855_X_CO_M45_00T","GSM 1800"
"KRE105413",947.5,935,960,0,"KRE105413_0948_X_CO_P45","GSM 900"
